club_id,kubun,design_id(after_copy),page,cell_id,old_value,new_value,delta,method,applied
kasukabe,月会費全表(スクール除く),DAHNYXr6Brc,8,PB2YTh9RhxdzXWwv-LBRQ1BKKr0mqFssW-AZzqPJs1i48CEIdHA:miifbkvi:7,7,150円,7,650円,500,find_and_replace_text,Y
kasukabe,月会費全表(スクール除く),DAHNYXr6Brc,8,PB2YTh9RhxdzXWwv-LBRQ1BKKr0mqFssW-AZzqPJs1i48CEIdHA:miifble0:a,8,800円,9,300円,500,find_and_replace_text,Y
kasukabe,月会費全表(スクール除く),DAHNYXr6Brc,8,PB2YTh9RhxdzXWwv-LBRQ1BKKr0mqFssW-AZzqPJs1i48CEIdHA:miifbm4r:d,10,450円,10,950円,500,find_and_replace_text,Y
kasukabe,月会費全表(スクール除く),DAHNYXr6Brc,8,PB2YTh9RhxdzXWwv-LBRQ1BKKr0mqFssW-B10,9,900円,10,400円,500,find_and_replace_text,Y
kasukabe,月会費全表(スクール除く),DAHNYXr6Brc,8,PB2YTh9RhxdzXWwv-LBRQ1BKKr0mqFssW-B2,22,000円,22,500円,500,find_and_replace_text,Y
kasukabe,月会費全表(スクール除く),DAHNYXr6Brc,8,PB2YTh9RhxdzXWwv-LBRQ1BKKr0mqFssW-B3,20,900円,21,400円,500,find_and_replace_text,Y
kasukabe,月会費全表(スクール除く),DAHNYXr6Brc,8,PB2YTh9RhxdzXWwv-LBRQ1BKKr0mqFssW-B4,13,200円,13,700円,500,find_and_replace_text,Y
kasukabe,月会費全表(スクール除く),DAHNYXr6Brc,8,PB2YTh9RhxdzXWwv-LBRQ1BKKr0mqFssW-B5,11,550円,12,050円,500,find_and_replace_text,Y
kasukabe,月会費全表(スクール除く),DAHNYXr6Brc,8,PB2YTh9RhxdzXWwv-LBRQ1BKKr0mqFssW-B6,10,010円,10,510円,500,find_and_replace_text,Y
kasukabe,月会費全表(スクール除く),DAHNYXr6Brc,8,PB2YTh9RhxdzXWwv-LBRQ1BKKr0mqFssW-B7,9,130円,9,630円,500,find_and_replace_text,Y
kasukabe,月会費全表(スクール除く),DAHNYXr6Brc,8,PB2YTh9RhxdzXWwv-LBRQ1BKKr0mqFssW-B8,8,800円,9,300円,500,find_and_replace_text,Y
kasukabe,月会費全表(スクール除く),DAHNYXr6Brc,8,PB2YTh9RhxdzXWwv-LBRQ1BKKr0mqFssW-B9,9,350円,9,850円,500,find_and_replace_text,Y
kasukabe,月会費全表(スクール除く),DAHNYXr6Brc,8,PB2YTh9RhxdzXWwv-LBRQ1BKKr0mqFssW-G5B8f_odLzeUEFPJA:mig2e3pm:o,11,000円,11,500円,500,find_and_replace_text,Y
kasukabe,月会費全表(スクール除く),DAHNYXr6Brc,9,PBrfcnVGtsKsZC1V-LB9lxV2KW5Xx8d3C-B10,9,900円,10,400円,500,find_and_replace_text,Y
kasukabe,月会費全表(スクール除く),DAHNYXr6Brc,9,PBrfcnVGtsKsZC1V-LB9lxV2KW5Xx8d3C-B11,11,000円,11,500円,500,find_and_replace_text,Y
kasukabe,月会費全表(スクール除く),DAHNYXr6Brc,9,PBrfcnVGtsKsZC1V-LB9lxV2KW5Xx8d3C-B12,10,450円,10,950円,500,find_and_replace_text,Y
kasukabe,月会費全表(スクール除く),DAHNYXr6Brc,9,PBrfcnVGtsKsZC1V-LB9lxV2KW5Xx8d3C-B13,8,800円,9,300円,500,find_and_replace_text,Y
kasukabe,月会費全表(スクール除く),DAHNYXr6Brc,9,PBrfcnVGtsKsZC1V-LB9lxV2KW5Xx8d3C-B14,7,150円,7,650円,500,find_and_replace_text,Y
kasukabe,月会費全表(スクール除く),DAHNYXr6Brc,9,PBrfcnVGtsKsZC1V-LB9lxV2KW5Xx8d3C-B2,22,000円,22,500円,500,find_and_replace_text,Y
kasukabe,月会費全表(スクール除く),DAHNYXr6Brc,9,PBrfcnVGtsKsZC1V-LB9lxV2KW5Xx8d3C-B3,20,900円,21,400円,500,find_and_replace_text,Y
kasukabe,月会費全表(スクール除く),DAHNYXr6Brc,9,PBrfcnVGtsKsZC1V-LB9lxV2KW5Xx8d3C-B4,13,200円,13,700円,500,find_and_replace_text,Y
kasukabe,月会費全表(スクール除く),DAHNYXr6Brc,9,PBrfcnVGtsKsZC1V-LB9lxV2KW5Xx8d3C-B5,11,550円,12,050円,500,find_and_replace_text,Y
kasukabe,月会費全表(スクール除く),DAHNYXr6Brc,9,PBrfcnVGtsKsZC1V-LB9lxV2KW5Xx8d3C-B6,10,010円,10,510円,500,find_and_replace_text,Y
kasukabe,月会費全表(スクール除く),DAHNYXr6Brc,9,PBrfcnVGtsKsZC1V-LB9lxV2KW5Xx8d3C-B7,9,130円,9,630円,500,find_and_replace_text,Y
kasukabe,月会費全表(スクール除く),DAHNYXr6Brc,9,PBrfcnVGtsKsZC1V-LB9lxV2KW5Xx8d3C-B8,8,800円,9,300円,500,find_and_replace_text,Y
kasukabe,月会費全表(スクール除く),DAHNYXr6Brc,9,PBrfcnVGtsKsZC1V-LB9lxV2KW5Xx8d3C-B9,9,350円,9,850円,500,find_and_replace_text,Y
